type,value,comment
ip,168.100.9[.]238,1st level redirectors server
ip,77.105.135[.]48,1st level redirectors server
ip,185.172.128[.]161,1st level redirectors server
ip,206.188.197[.]116,2nd level redirectors server
ip,64.190.113[.]45,2nd level redirectors server
ip,195.85.115[.]36,2nd level redirectors server
ip,195.2.73[.]149,2nd level redirectors server
ip,45.87.41[.]37,Keitaro Tracker server (after CLoudflare)
ip,65.108.158[.]243,Keitaro Tracker server (after CLoudflare)
ip,111.90.146[.]198,Doppelgänger-fabricated website hosting (after Cloudflare)
ip,101.99.90[.]184,Doppelgänger-fabricated website hosting (after Cloudflare)
ip,101.99.90[.]165,Doppelgänger-fabricated website hosting (after Cloudflare)
ip,95.165.66[.]27,CopyCop-fabricated website hosting (after Cloudflare)
ip,46.138.250[.]248,Possible CopyCop-associated server (after Cloudflare)
domain,gatoogeef[.]info,Keitaro Tracker server
domain,cheekss[.]click,Keitaro Tracker server
domain,adudu4d-ayam[.]store,1st level redirector top domain
domain,grabemas[.]store,1st level redirector top domain
domain,101zz[.]store,1st level redirector top domain
domain,100myrtle[.]com,1st level redirector top domain
domain,15mb2vy4z[.]top,1st level redirector top domain
domain,16mbzrw2g2[.]top,1st level redirector top domain
domain,1typ[.]top,1st level redirector top domain
domain,27488877[.]com,1st level redirector top domain
domain,2k3o[.]top,1st level redirector top domain
domain,5pjj5[.]top,1st level redirector top domain
domain,69set4[.]fun,1st level redirector top domain
domain,82604433[.]com,1st level redirector top domain
domain,abouhaus[.]shop,1st level redirector top domain
domain,aceofdigital[.]xyz,1st level redirector top domain
domain,acrobatuk[.]shop,1st level redirector top domain
domain,adobepl[.]shop,1st level redirector top domain
domain,adumtree[.]co[.]uk,1st level redirector top domain
domain,africanherbaloil[.]xyz,1st level redirector top domain
domain,aicaitwss[.]online,1st level redirector top domain
domain,aiedge[.]green,1st level redirector top domain
domain,aipro[.]community,1st level redirector top domain
domain,akagami75[.]shop,1st level redirector top domain
domain,akagami95[.]shop,1st level redirector top domain
domain,akhilsmm[.]shop,1st level redirector top domain
domain,alanwake7[.]website,1st level redirector top domain
domain,alieninsider[.]online,1st level redirector top domain
domain,ambatukam45[.]shop,1st level redirector top domain
domain,andonelebron[.]click,1st level redirector top domain
domain,anehociak5[.]click,1st level redirector top domain
domain,anesongbosio207[.]click,1st level redirector top domain
domain,anesongbosio226[.]click,1st level redirector top domain
domain,antsleveler[.]com,1st level redirector top domain
domain,anybodyfornow[.]live,1st level redirector top domain
domain,arabiandates[.]shop,1st level redirector top domain
domain,aratox[.]shop,1st level redirector top domain
domain,asas[.]blog,1st level redirector top domain
domain,asvam[.]top,1st level redirector top domain
domain,auas[.]krd,1st level redirector top domain
domain,b0l9[.]top,1st level redirector top domain
domain,babasang[.]shop,1st level redirector top domain
domain,bandcamp-music[.]download,1st level redirector top domain
domain,baslercom[.]ch,1st level redirector top domain
domain,bestlebanesegrill[.]com,1st level redirector top domain
domain,bestmyservice[.]com,1st level redirector top domain
domain,bharatcoders[.]buzz,1st level redirector top domain
domain,bilidragoon[.]com,1st level redirector top domain
domain,body-balance[.]blog,1st level redirector top domain
domain,bookofbuzz[.]vip,1st level redirector top domain
domain,bostondrywallservices[.]com,1st level redirector top domain
domain,brazilianhomesolutions[.]com,1st level redirector top domain
domain,brodewicz[.]tech,1st level redirector top domain
domain,brogecoin[.]vip,1st level redirector top domain
domain,bukuygemoy402[.]shop,1st level redirector top domain
domain,bukuygemoy436[.]shop,1st level redirector top domain
domain,bukuyjelly105[.]shop,1st level redirector top domain
domain,burraqmart[.]online,1st level redirector top domain
domain,cannon147[.]click,1st level redirector top domain
domain,cannon152[.]click,1st level redirector top domain
domain,carhartthoodie[.]com,1st level redirector top domain
domain,celebfashiontoday[.]com,1st level redirector top domain
domain,centralhot[.]com,1st level redirector top domain
domain,chauonima[.]click,1st level redirector top domain
domain,circadiyin[.]one,1st level redirector top domain
domain,clicklist[.]net,1st level redirector top domain
domain,codewithwaqar[.]com,1st level redirector top domain
domain,coipery[.]shop,1st level redirector top domain
domain,commerceconciergeco[.]com,1st level redirector top domain
domain,cookiejar[.]love,1st level redirector top domain
domain,crazydigital[.]academy,1st level redirector top domain
domain,curlyshana[.]uk,1st level redirector top domain
domain,cytershop[.]com,1st level redirector top domain
domain,decohomeartdesigns[.]com,1st level redirector top domain
domain,depolumi4[.]click,1st level redirector top domain
domain,depolumi5[.]click,1st level redirector top domain
domain,depopulsa9[.]click,1st level redirector top domain
domain,depopulsaa4[.]click,1st level redirector top domain
domain,desmoinesbathpros[.]com,1st level redirector top domain
domain,diamndmgcwn[.]online,1st level redirector top domain
domain,digitallydone[.]store,1st level redirector top domain
domain,disenoweblogrono[.]xyz,1st level redirector top domain
domain,djovn[.]shop,1st level redirector top domain
domain,dotcomfoods[.]co[.]uk,1st level redirector top domain
domain,dpboss[.]shop,1st level redirector top domain
domain,driveble[.]ch,1st level redirector top domain
domain,dropshipping[.]buzz,1st level redirector top domain
domain,dtlys[.]one,1st level redirector top domain
domain,dusloungebar[.]com,1st level redirector top domain
domain,dxbescortgirls[.]shop,1st level redirector top domain
domain,eaglesgaming[.]club,1st level redirector top domain
domain,egt9l7gpf[.]top,1st level redirector top domain
domain,epsilonfinancial[.]org,1st level redirector top domain
domain,erosstarescorts[.]com,1st level redirector top domain
domain,estafetaod[.]top,1st level redirector top domain
domain,estafetaofw[.]top,1st level redirector top domain
domain,estafetaoi[.]top,1st level redirector top domain
domain,eunsh[.]shop,1st level redirector top domain
domain,expertgame77[.]pro,1st level redirector top domain
domain,feliznavidad[.]click,1st level redirector top domain
domain,felmut[.]shop,1st level redirector top domain
domain,fjieka[.]shop,1st level redirector top domain
domain,fjioqjioa[.]shop,1st level redirector top domain
domain,fkriee[.]shop,1st level redirector top domain
domain,flamebargrill[.]com,1st level redirector top domain
domain,flowmeta[.]cfd,1st level redirector top domain
domain,fredearlsvo[.]com,1st level redirector top domain
domain,freedommediacorp[.]com,1st level redirector top domain
domain,g5hp0[.]top,1st level redirector top domain
domain,gamewin10[.]click,1st level redirector top domain
domain,gamewin130[.]click,1st level redirector top domain
domain,gass83[.]click,1st level redirector top domain
domain,gasskuy123[.]click,1st level redirector top domain
domain,gatcha46[.]click,1st level redirector top domain
domain,gbo4d4[.]store,1st level redirector top domain
domain,gituyahmainnya104[.]click,1st level redirector top domain
domain,gjiqoaia[.]shop,1st level redirector top domain
domain,globalchamberoc[.]org,1st level redirector top domain
domain,gold365s[.]win,1st level redirector top domain
domain,grizzly[.]dog,1st level redirector top domain
domain,handbaglife[.]online,1st level redirector top domain
domain,hatcapbag[.]com,1st level redirector top domain
domain,healthygoodlife[.]live,1st level redirector top domain
domain,hints[.]media,1st level redirector top domain
domain,homesnowcone[.]com,1st level redirector top domain
domain,hophop5[.]click,1st level redirector top domain
domain,howler56[.]click,1st level redirector top domain
domain,incomeapk[.]xyz,1st level redirector top domain
domain,indo39oke[.]lol,1st level redirector top domain
domain,infinityeight[.]ch,1st level redirector top domain
domain,investinsavvy[.]com,1st level redirector top domain
domain,ipdj[.]top,1st level redirector top domain
domain,iplscore2024[.]live,1st level redirector top domain
domain,iwantthiscar[.]info,1st level redirector top domain
domain,j9ha2b7pv[.]top,1st level redirector top domain
domain,jacketmania[.]shop,1st level redirector top domain
domain,jacketmania[.]shop-,1st level redirector top domain
domain,jagoanterbang-9[.]click,1st level redirector top domain
domain,javierkeough[.]org,1st level redirector top domain
domain,jenna-design[.]com,1st level redirector top domain
domain,jieshenplay[.]top,1st level redirector top domain
domain,joyboy61[.]shop,1st level redirector top domain
domain,junacogeneraltradinguae[.]com,1st level redirector top domain
domain,justice4us[.]biz,1st level redirector top domain
domain,katakku4d[.]online,1st level redirector top domain
domain,kejartarget27[.]click,1st level redirector top domain
domain,kejartarget57[.]click,1st level redirector top domain
domain,kin888net[.]lol,1st level redirector top domain
domain,kindreadking[.]online,1st level redirector top domain
domain,knowledgeguru83[.]com,1st level redirector top domain
domain,knowsomething[.]click,1st level redirector top domain
domain,kohen[.]website,1st level redirector top domain
domain,kosa[.]social,1st level redirector top domain
domain,lakersmenang[.]click,1st level redirector top domain
domain,language-force[.]ru,1st level redirector top domain
domain,laraibrabbani[.]net,1st level redirector top domain
domain,larissacrane[.]shop,1st level redirector top domain
domain,lawlessdenimco[.]shop,1st level redirector top domain
domain,leagendmind[.]xyz,1st level redirector top domain
domain,lewisgriggs[.]com,1st level redirector top domain
domain,lightweb-inc[.]com,1st level redirector top domain
domain,littlemonstersphotos[.]com,1st level redirector top domain
domain,livegamepro[.]org,1st level redirector top domain
domain,lkuer[.]top,1st level redirector top domain
domain,loklok35[.]shop,1st level redirector top domain
domain,marcobrivio[.]com,1st level redirector top domain
domain,mathswithmushi[.]com,1st level redirector top domain
domain,maxpay173[.]click,1st level redirector top domain
domain,mefusst[.]tech,1st level redirector top domain
domain,megabet89[.]shop,1st level redirector top domain
domain,merindaw[.]shop,1st level redirector top domain
domain,minesxp[.]online,1st level redirector top domain
domain,miniature[.]homes,1st level redirector top domain
domain,mirage5acxr37[.]click,1st level redirector top domain
domain,mlbsports[.]club,1st level redirector top domain
domain,mmeqdar[.]homes,1st level redirector top domain
domain,mmk14[.]top,1st level redirector top domain
domain,modentwrk[.]net,1st level redirector top domain
domain,mollygemoy16[.]click,1st level redirector top domain
domain,mollys[.]garden,1st level redirector top domain
domain,moneyfever[.]buzz,1st level redirector top domain
domain,moviezwap[.]today,1st level redirector top domain
domain,musuli[.]shop,1st level redirector top domain
domain,myblogreviews[.]online,1st level redirector top domain
domain,mytechtrends[.]online,1st level redirector top domain
domain,nasiputihxnasimerah[.]click,1st level redirector top domain
domain,news-hive[.]online,1st level redirector top domain
domain,news24mp[.]com,1st level redirector top domain
domain,newtrendsboutique[.]com,1st level redirector top domain
domain,ngd2xqivb[.]top,1st level redirector top domain
domain,nicegame113[.]click,1st level redirector top domain
domain,ninoarbasetti[.]com,1st level redirector top domain
domain,nteh7[.]top,1st level redirector top domain
domain,num386113[.]top,1st level redirector top domain
domain,o6ngt[.]top,1st level redirector top domain
domain,oaini[.]store,1st level redirector top domain
domain,odbsa[.]com,1st level redirector top domain
domain,odpkg[.]shop,1st level redirector top domain
domain,ordinarypunks[.]com,1st level redirector top domain
domain,packpranks[.]online,1st level redirector top domain
domain,paodavida[.]church,1st level redirector top domain
domain,pecahbet[.]site,1st level redirector top domain
domain,pefecetemoney[.]xyz,1st level redirector top domain
domain,penembakjitu81[.]click,1st level redirector top domain
domain,pergipulangpagi[.]click,1st level redirector top domain
domain,personalinjurycar[.]com,1st level redirector top domain
domain,pg3f[.]top,1st level redirector top domain
domain,placeholderdomain[.]link,1st level redirector top domain
domain,plotspot[.]shop,1st level redirector top domain
domain,positivebodyfit[.]com,1st level redirector top domain
domain,premiumslimminggummies[.]shop,1st level redirector top domain
domain,princepannu[.]com,1st level redirector top domain
domain,professionalattitude[.]click,1st level redirector top domain
domain,progambler[.]buzz,1st level redirector top domain
domain,prokeysuk[.]shop,1st level redirector top domain
domain,pronailscomplex[.]online,1st level redirector top domain
domain,protraveler[.]world,1st level redirector top domain
domain,purepurchase[.]shop,1st level redirector top domain
domain,puzzledplay60[.]shop,1st level redirector top domain
domain,pvbartending[.]com,1st level redirector top domain
domain,q1s3873jl[.]top,1st level redirector top domain
domain,q6hd[.]top,1st level redirector top domain
domain,qisoaip[.]shop,1st level redirector top domain
domain,ql9uk[.]top,1st level redirector top domain
domain,re-china[.]com,1st level redirector top domain
domain,redbanknow[.]info,1st level redirector top domain
domain,renzkaliloalio34[.]click,1st level redirector top domain
domain,rh899main[.]biz,1st level redirector top domain
domain,rolunicotributario[.]life,1st level redirector top domain
domain,rrirxh618[.]top,1st level redirector top domain
domain,rsvd[.]top,1st level redirector top domain
domain,rtp-mana777[.]com,1st level redirector top domain
domain,rtpgora68[.]online,1st level redirector top domain
domain,rushroll[.]shop,1st level redirector top domain
domain,safe-pharma[.]com,1st level redirector top domain
domain,santaslotjp[.]net,1st level redirector top domain
domain,sayasukajepe12[.]click,1st level redirector top domain
domain,seaux9[.]com,1st level redirector top domain
domain,selalubegitu[.]click,1st level redirector top domain
domain,semanismadu48[.]click,1st level redirector top domain
domain,semanismadu56[.]click,1st level redirector top domain
domain,sepengujungan[.]click,1st level redirector top domain
domain,servergacor20[.]click,1st level redirector top domain
domain,shakeologybigbag[.]store,1st level redirector top domain
domain,shanhuo[.]site,1st level redirector top domain
domain,shark4k[.]shop,1st level redirector top domain
domain,shfue[.]shop,1st level redirector top domain
domain,showthatsauce[.]co[.]uk,1st level redirector top domain
domain,shrabanicreative[.]xyz,1st level redirector top domain
domain,signatureartworld[.]com,1st level redirector top domain
domain,sihpalingdewa07[.]click,1st level redirector top domain
domain,sillonesluberto[.]com,1st level redirector top domain
domain,sin88[.]yoga,1st level redirector top domain
domain,skqoa[.]shop,1st level redirector top domain
domain,slestimatego[.]quest,1st level redirector top domain
domain,sociogrowth[.]com,1st level redirector top domain
domain,sorcellerie-magie-noire[.]com,1st level redirector top domain
domain,starprince-light14[.]click,1st level redirector top domain
domain,stockingmypantry[.]top,1st level redirector top domain
domain,streamflex[.]shop,1st level redirector top domain
domain,streetsoccer-school[.]com,1st level redirector top domain
domain,stuartparry[.]uk,1st level redirector top domain
domain,study-company[.]biz,1st level redirector top domain
domain,superfollowers[.]uk,1st level redirector top domain
domain,swiftluxemarket[.]com,1st level redirector top domain
domain,takperlupenganti[.]click,1st level redirector top domain
domain,tech-value[.]online,1st level redirector top domain
domain,techsaferz[.]com,1st level redirector top domain
domain,tengnangkia114[.]click,1st level redirector top domain
domain,texansmart[.]com,1st level redirector top domain
domain,tgfhairsalon[.]shop,1st level redirector top domain
domain,thea1techservice[.]com,1st level redirector top domain
domain,thebaitlounge[.]com,1st level redirector top domain
domain,thedigitalmarketing[.]live,1st level redirector top domain
domain,thesachinvaishya[.]xyz,1st level redirector top domain
domain,thienthienpucethao[.]click,1st level redirector top domain
domain,todayjob[.]store,1st level redirector top domain
domain,tolate[.]click,1st level redirector top domain
domain,topcaijing[.]shop,1st level redirector top domain
domain,travelusaexperts[.]link,1st level redirector top domain
domain,treasurebesar[.]click,1st level redirector top domain
domain,trhab[.]top,1st level redirector top domain
domain,tuakaohia2[.]click,1st level redirector top domain
domain,tukulhebat7[.]click,1st level redirector top domain
domain,tutinlen[.]store,1st level redirector top domain
domain,tvmountsallhd[.]online,1st level redirector top domain
domain,tx99goo2o[.]top,1st level redirector top domain
domain,u-adobe[.]shop,1st level redirector top domain
domain,unchaayi[.]com,1st level redirector top domain
domain,unidadedivina[.]org,1st level redirector top domain
domain,unixcom[.]tech,1st level redirector top domain
domain,us-en-livpure[.]com,1st level redirector top domain
domain,vcsoftware[.]shop,1st level redirector top domain
domain,viopenfs[.]click,1st level redirector top domain
domain,visitanytime[.]online,1st level redirector top domain
domain,visitingkw[.]com,1st level redirector top domain
domain,vitalitytotaloffers[.]website,1st level redirector top domain
domain,vmbjf[.]shop,1st level redirector top domain
domain,vrundadigitalmarketing[.]online,1st level redirector top domain
domain,vumato[.]store,1st level redirector top domain
domain,wheretrip[.]today,1st level redirector top domain
domain,wonders28[.]click,1st level redirector top domain
domain,woodworkingz247[.]store,1st level redirector top domain
domain,wszystko[.]space,1st level redirector top domain
domain,xjan[.]top,1st level redirector top domain
domain,yamadeko187[.]click,1st level redirector top domain
domain,yourhappytour[.]online,1st level redirector top domain
domain,yourterif[.]com,1st level redirector top domain
domain,ys012[.]top,1st level redirector top domain
domain,zd0xnb5mp[.]top,1st level redirector top domain
domain,ztnty[.]click,1st level redirector top domain
domain,zzih73zmi[.]top,1st level redirector top domain
domain,06hue1c29p[.]top,2nd level redirector top domain
domain,1sunwin[.]top,2nd level redirector top domain
domain,2ir841s4y[.]top,2nd level redirector top domain
domain,3jxc4mewe[.]top,2nd level redirector top domain
domain,accgamegraphic[.]com,2nd level redirector top domain
domain,adelalbassam[.]com,2nd level redirector top domain
domain,alisverisinkalbi[.]best,2nd level redirector top domain
domain,clinicafamiliahispana[.]com,2nd level redirector top domain
domain,coficity[.]com,2nd level redirector top domain
domain,compensate[.]cyou,2nd level redirector top domain
domain,contexcapital[.]com,2nd level redirector top domain
domain,cpdm8u0ya5ndgw2vek[.]site,2nd level redirector top domain
domain,dakotaindeck[.]website,2nd level redirector top domain
domain,daktronicss[.]com,2nd level redirector top domain
domain,davejs[.]top,2nd level redirector top domain
domain,davetn[.]top,2nd level redirector top domain
domain,difmlaw[.]com,2nd level redirector top domain
domain,dinheiroagora[.]icu,2nd level redirector top domain
domain,estafetamnr[.]top,2nd level redirector top domain
domain,estafetaovt[.]top,2nd level redirector top domain
domain,estrellaj[.]com,2nd level redirector top domain
domain,fbusercenter[.]top,2nd level redirector top domain
domain,forceunlockx[.]top,2nd level redirector top domain
domain,foxworkz[.]com,2nd level redirector top domain
domain,freetogetstarted[.]com,2nd level redirector top domain
domain,herbalhealingforchildren[.]com,2nd level redirector top domain
domain,hgeventservices[.]com,2nd level redirector top domain
domain,imlxjqla1[.]top,2nd level redirector top domain
domain,liberaricoffee[.]com,2nd level redirector top domain
domain,lspcf7rq1[.]top,2nd level redirector top domain
domain,maekss[.]com,2nd level redirector top domain
domain,mavigelinim[.]com,2nd level redirector top domain
domain,minelab-tech[.]com,2nd level redirector top domain
domain,moneylioonzp[.]top,2nd level redirector top domain
domain,motorsignhsrp[.]com,2nd level redirector top domain
domain,olibroom[.]com,2nd level redirector top domain
domain,paradigmjewels[.]com,2nd level redirector top domain
domain,scottish-images[.]com,2nd level redirector top domain
domain,sdstudyabroad[.]com,2nd level redirector top domain
domain,services-channelplus[.]com,2nd level redirector top domain
domain,superlays[.]store,2nd level redirector top domain
domain,tjxe7zkxe[.]top,2nd level redirector top domain
domain,vickypitner[.]com,2nd level redirector top domain
domain,vpaaywdw[.]cfd,2nd level redirector top domain
domain,xiangpet[.]site,2nd level redirector top domain
domain,yearbookarchive[.]com,2nd level redirector top domain
domain,zhuangatlantic[.]site,2nd level redirector top domain
domain,teamcanadafoundation[.]com,2nd level redirector top domain
domain,rrn[.]media,Final content website (Fabricated news website)
domain,tribunalukraine[.]info,Final content website (Fabricated news website)
domain,allons-y[.]social,Final content website (Fabricated news website)
domain,artichoc[.]io,Final content website (Fabricated news website)
domain,candidat[.]news,Final content website (Fabricated news website)
domain,franceeteu[.]today,Final content website (Fabricated news website)
domain,lavirgule[.]news,Final content website (Fabricated news website)
domain,lesfrontieres[.]media,Final content website (Fabricated news website)
domain,lexomnium[.]com,Final content website (Fabricated news website)
domain,notrepays[.]today,Final content website (Fabricated news website)
domain,la-sante[.]info,Final content website (Fabricated news website)
domain,laterrasse[.]online,Final content website (Fabricated news website)
domain,le-continent[.]com,Final content website (Fabricated news website)
domain,lebelligerant[.]com,Final content website (Fabricated news website)
domain,lesifflet[.]net,Final content website (Fabricated news website)
domain,arbeitspause[.]org,Final content website (Fabricated news website)
domain,besuchszweck[.]org,Final content website (Fabricated news website)
domain,blackout-news[.]de,Final content website (Fabricated news website)
domain,derbayerischelowe[.]info,Final content website (Fabricated news website)
domain,grenzezank[.]com,Final content website (Fabricated news website)
domain,meisterurian[.]io,Final content website (Fabricated news website)
domain,miastagebuch[.]com,Final content website (Fabricated news website)
domain,wanderfalke[.]net,Final content website (Fabricated news website)
domain,brennendefrage[.]com,Final content website (Fabricated news website)
domain,deintelligenz[.]com,Final content website (Fabricated news website)
domain,derglaube[.]com,Final content website (Fabricated news website)
domain,derleitstern[.]com,Final content website (Fabricated news website)
domain,derrattenfanger[.]net,Final content website (Fabricated news website)
domain,hauynescherben[.]net,Final content website (Fabricated news website)
domain,kaputteampel[.]com,Final content website (Fabricated news website)
domain,omnam[.]life,Final content website (Fabricated news website)
domain,polskikompas[.]com,Final content website (Fabricated news website)
domain,acrosstheline[.]press,Final content website (Fabricated news website)
domain,holylandherald[.]com,Final content website (Fabricated news website)
domain,mypride[.]press,Final content website (Fabricated news website)
domain,shadowwatch[.]us,Final content website (Fabricated news website)
domain,truthgate[.]us,Final content website (Fabricated news website)
domain,ukrlm[.]info,Final content website (Fabricated news website)
domain,warfareinsider[.]us,Final content website (Fabricated news website)
domain,electionwatch[.]live,Final content website (Fabricated news website)
domain,interventionist[.]us,Final content website (Fabricated news website)
domain,liesofwallstreet[.]com,Final content website (Fabricated news website)
domain,spicyconspiracy[.]info,Final content website (Fabricated news website)
domain,uschina[.]press,Final content website (Fabricated news website)
hostname,www.psychologies[.]top,Final content website (Website impersonating legitimate one)
hostname,www.leparisien[.]wf,Final content website (Website impersonating legitimate one)
hostname,www.lepoint[.]wf,Final content website (Website impersonating legitimate one)
hostname,www.spiegel[.]ltd,Final content website (Website impersonating legitimate one)
hostname,www.welt[.]pm,Final content website (Website impersonating legitimate one)
hostname,www.forward[.]pw,Final content website (Website impersonating legitimate one)
hostname,www.hamodia[.]in,Final content website (Website impersonating legitimate one)
hostname,news.walla[.]re,Final content website (Website impersonating legitimate one)
hostname,www.polityka[.]link,Final content website (Website impersonating legitimate one)
hostname,www.polskieradio[.]cfd,Final content website (Website impersonating legitimate one)
hostname,www.polskieradio[.]icu,Final content website (Website impersonating legitimate one)
hostname,www.rbk[.]media,Final content website (Website impersonating legitimate one)
hostname,www.obozrevatel[.]ltd,Final content website (Website impersonating legitimate one)
hostname,www.unian[.]pm,Final content website (Website impersonating legitimate one)
hostname,www.fox-news[.]in,Final content website (Website impersonating legitimate one)
hostname,www.washingtonpost[.]pm,Final content website (Website impersonating legitimate one)
domain,closermag[.]eu,Possible Doppelgänger-fabricated website
domain,conspiracywatch[.]in,Possible Doppelgänger-fabricated website
domain,mensjournal[.]day,Possible Doppelgänger-fabricated website
domain,mynaszlaku[.]in,Possible Doppelgänger-fabricated website
domain,dzieckowpodrozy[.]in,Possible Doppelgänger-fabricated website
domain,bibelbund[.]cfd,Possible Doppelgänger-fabricated website
url,"hxxps://acrosstheline[.]press/escaping-from-war/biden-prioritizes-ukraine-over-u-s-border-security",Final content URL
url,"hxxps://acrosstheline[.]press/u-s-mexico-border/tragic-death-of-12-year-old-in-houston-open-borders-policy-to-blame",Final content URL
url,"hxxps://allons-y[.]social/bardella-menaces-de-recuperer-les-milliards-pilles-par-l-ue/",Final content URL
url,"hxxps://allons-y[.]social/crime-de-guerre-en-crimee-la-responsabilite-des-etats-unis-engagee/",Final content URL
url,"hxxps://allons-y[.]social/emmanuel-macron-attise-la-guerre-civile/",Final content URL
url,"hxxps://allons-y[.]social/viktor-orban-arrive-en-ukraine-pour-rencontrer-zelensky/",Final content URL
url,"hxxps://arbeitspause[.]org/kriegstreiber-pistorius-will-noch-mehr-geld/",Final content URL
url,"hxxps://arbeitspause[.]org/so-nah-am-frieden/",Final content URL
url,"hxxps://arbeitspause[.]org/ukraine-verubt-terror/",Final content URL
url,"hxxps://artichoc[.]io/emmanuel-macron-et-rachida-dati-appeles-a-ne-pas-fermer-entierement-le-centre-pompidou-pour-cinq-ans/",Final content URL
url,"hxxps://artichoc[.]io/la-sculpture-olympique-de-l-artiste-alison-saar-inauguree-a-paris/",Final content URL
url,"hxxps://artichoc[.]io/le-festival-d-avignon-appelle-son-public-a-voter-aux-prochaines-elections/",Final content URL
url,"hxxps://artichoc[.]io/les-elections-legislatives-sont-devenues-l-un-des-evenements-politiques-les-plus-mediatises/",Final content URL
url,"hxxps://artichoc[.]io/metallica-annonce-son-concert-avec-une-affiche-en-langue-russe/",Final content URL
url,"hxxps://besuchszweck[.]org/antisemitische-stimmung-bluht-in-deutschland",Final content URL
url,"hxxps://blackout-news[.]de/aktuelles/einzelhandel-in-der-krise-drastische-umsatzeinbrueche-bremsen-wirtschaftswachstum/",Final content URL
url,"hxxps://brennendefrage[.]com/europa/politische-turbulenzen-in-europa",Final content URL
url,"hxxps://brennendefrage[.]com/rest-der-welt/verantwortung-der-usa-fur-den-raketenangriff-in-sewastopol",Final content URL
url,"hxxps://candidat[.]news/elections-legislatives-2024-pour-qui-les-francais-vont-ils-voter/",Final content URL
url,"hxxps://candidat[.]news/fete-de-satan-le-soleil-et-les-montagnes-suisses-n-ont-pas-attire-tout-le-monde/",Final content URL
url,"hxxps://candidat[.]news/jo-24-20-militaires-pour-assurer-la-securite/",Final content URL
url,"hxxps://candidat[.]news/jo-la-securite-avant-tout/",Final content URL
url,"hxxps://candidat[.]news/rn-l-unite-nationale-pour-sortir-de-la-crise/",Final content URL
url,"hxxps://deintelligenz[.]com/staat/3794",Final content URL
url,"hxxps://deintelligenz[.]com/staat/amerikanisches-unternehmen-verzogert-den-bau-eines-chipwerks-in-deutschland",Final content URL
url,"hxxps://denae[.]org/article/703",Final content URL (LEGITIMATE)
url,"hxxps://derbayerischelowe[.]info/groszugigkeit-mit-nebenwirkungen-deutschlands-dilemma-bei-der-ukraine-hilfe",Final content URL
url,"hxxps://derbayerischelowe[.]info/rekrutierungsdrama-in-der-ukraine-ein-land-zwischen-pflicht-und-widerstand",Final content URL
url,"hxxps://derbayerischelowe[.]info/ukrainische-diplomatie-am-scheideweg-erfolge-im-westen-widerstande-im-suden",Final content URL
url,"hxxps://derglaube[.]com/geschichte-des-glaubens/zahl-antimuslimischer-ubergriffe-verdoppelt-sich",Final content URL
url,"hxxps://derleitstern[.]com/prognosen-und-vorhersagen/neue-umstrukturierungen-im-militarapparat-der-ukraine",Final content URL
url,"hxxps://derrattenfanger[.]net/ampel-will-deutschland-islamisieren",Final content URL
url,"hxxps://derrattenfanger[.]net/deutschland-verliert-an-wettbewerbsfahigkeit",Final content URL
url,"hxxps://derrattenfanger[.]net/es-gibt-nur-einen-richtigen-weg-raus-aus-der-eu",Final content URL
url,"hxxps://derrattenfanger[.]net/eu-kapitalmarktunion-soll-fremde-schulden-mit-deutschem-geld-bezahlen",Final content URL
url,"hxxps://derrattenfanger[.]net/russland-ist-immer-noch-da",Final content URL
url,"hxxps://derrattenfanger[.]net/was-halten-deutsche-von-selenskyj",Final content URL
url,"hxxps://derstatus[.]at/politik/wende-im-mainstream-jetzt-spricht-man-von-exit-strategie-fur-ukraine-krieg-2680.html",Final content URL (LEGITIMATE)
url,"hxxps://desk-russie[.]eu/2024/06/13/un-meme-combat-democratique-en-ukraine-et-en-france.html",Final content URL (LEGITIMATE)
url,"hxxps://deutschlandkurier[.]de/2024/06/christina-baum-afd-von-pressefreiheit-kann-in-deutschland-keine-rede-sein/",Final content URL (LEGITIMATE)
url,"hxxps://deutschlandkurier[.]de/2024/06/rainer-rothfuss-afd-wir-sind-der-erklaerte-feind-der-globalisten/",Final content URL (LEGITIMATE)
url,"hxxps://electionwatch[.]live/g7-loan-approval",Final content URL
url,"hxxps://electionwatch[.]live/increase-in-missile-deliveries",Final content URL
url,"hxxps://franceeteu[.]today/chez-nous/jo2024-qui-en-a-vraiment-besoin",Final content URL
url,"hxxps://franceeteu[.]today/chez-nous/les-athletes-devront-recuperer-physiquement-et-mentalement-apres-les-jo-2024",Final content URL
url,"hxxps://franceeteu[.]today/nous-et-eux/les-dirigeants-occidentaux-se-reunissent-pour-discuter-de-lukraine-prolonger-la-guerre-et-se-congratuler",Final content URL
url,"hxxps://franceeteu[.]today/nous-et-eux/les-pays-membres-de-lotan-augmenteront-leurs-depenses-militaires-de-18",Final content URL
url,"hxxps://franceeteu[.]today/nous-et-eux/les-ukrainiens-profitent-des-avantages-de-lue-pourquoi",Final content URL
url,"hxxps://franceeteu[.]today/nous-et-eux/washington-ne-sarrete-pas-il-est-desormais-possible-de-frapper-la-russie",Final content URL
url,"hxxps://gewerkschaften-gegen-aufruestung[.]de/",Final content URL (LEGITIMATE)
url,"hxxps://grenzezank[.]com/wem-soll-geholfen-werden/",Final content URL
url,"hxxps://h16free[.]com/2024/06/14/77581-la-justice-sociale-nexiste-pas",Final content URL (LEGITIMATE)
url,"hxxps://harriman.columbia[.]edu/event/western-sanctions-on-russia-and-the-rise-of-the-non-western-offshore-world/",Final content URL (LEGITIMATE)
url,"hxxps://hauynescherben[.]net/marktanalyse/baukrise-bedroht-deutsche-wirtschaft",Final content URL
url,"hxxps://hauynescherben[.]net/marktanalyse/deutschland-bricht-rekorde-bei-zahl-der-insolvenzen",Final content URL
url,"hxxps://hauynescherben[.]net/marktanalyse/europa-nimmt-energiedialog-mit-moskau-wieder-auf",Final content URL
url,"hxxps://hauynescherben[.]net/news/schweizer-friedenskonferenz-ohne-frieden",Final content URL
url,"hxxps://histoireetsociete[.]com/2024/06/04/guerre-en-ukraine-et-elections-europeennes-vers-une-guerre-mondiale-ineluctable/",Final content URL (LEGITIMATE)
url,"hxxps://holylandherald[.]com/american-military-on-edge/",Final content URL
url,"hxxps://interventionist[.]us/media-propaganda/a-new-tragedy-the-consequences-of-a-broken-immigration-system",Final content URL
url,"hxxps://interventionist[.]us/media-propaganda/biden-and-trump-s-fate-by-charles-ortel",Final content URL
url,"hxxps://justthenews[.]com/accountability/political-ethics/hld-hunter-biden-was-proposed-board-member-120-million-burisma",Final content URL (LEGITIMATE)
url,"hxxps://kaputteampel[.]com/personlichkeiten-und-politik/manuela-schwesig-bei-einem-besuch-in-der-ukraine",Final content URL
url,"hxxps://la-sante[.]info/5-virus-transmis-par-les-moustiques-qui-pourraient-perturber-les-jeux-olympiques/",Final content URL
url,"hxxps://la-sante[.]info/epidemie-de-cholera-dans-l-armee-ukrainienne-plusieurs-cas-mortels-deja-signales/",Final content URL
url,"hxxps://la-sante[.]info/epidemie-de-dengue-risques-a-l-approche-des-jeux-olympiques/",Final content URL
url,"hxxps://laterrasse[.]online/les-francais-sont-preoccupes-par-le-nombre-d-immigres-dans-le-pays",Final content URL
url,"hxxps://laterrasse[.]online/marine-le-pen-ne-doute-pas-de-sa-victoire-aux-prochaines-elections",Final content URL
url,"hxxps://lavirgule[.]news/elections-legislatives-un-choix-francais-decisif/",Final content URL
url,"hxxps://lavirgule[.]news/l-ukraine-noie-l-ue/",Final content URL
url,"hxxps://lavirgule[.]news/les-elections-francaises-jettent-une-ombre-sur-les-jo-2024/",Final content URL
url,"hxxps://le-continent[.]com/geopolitique-et-relations-internationales/accord-de-securite-europeen-washington-joue-sa-partition-ukrainienne",Final content URL
url,"hxxps://lebelligerant[.]com/affaires-internes/delocalisations-cachees-la-dispersion-des-migrants-dans-la-france-rurale",Final content URL
url,"hxxps://lebelligerant[.]com/affaires-internes/macron-promet-d-agir-jusqu-en-mai-2027-et-d-etre-protecteur-de-la-republique",Final content URL
url,"hxxps://lebelligerant[.]com/conflits-brulants/les-etats-unis-et-israel-discutent-de-l-envoi-de-systemes-patriot-a-l-ukraine",Final content URL
url,"hxxps://lebelligerant[.]com/conflits-brulants/les-hommes-ukrainiens-se-cachent-en-masse-pour-echapper-a-la-conscription",Final content URL
url,"hxxps://lebelligerant[.]com/conflits-brulants/macron-et-nouvelle-caledonie-un-cas-d-arrogance-coloniale",Final content URL
url,"hxxps://lebelligerant[.]com/diplomatie/les-pays-de-l-ue-entament-des-negociations-d-adhesion-avec-la-moldavie-et-l-ukraine",Final content URL
url,"hxxps://lebelligerant[.]com/revelations/recrutement-des-agents-de-securite-pour-les-jo-finalise-ou-6000-ukrainiens-a-paris",Final content URL
url,"hxxps://lesfrontieres[.]media/hauts-de-seine-une-fille-de-12-ans-violee-parce-que-juive-par-3-adolescents",Final content URL
url,"hxxps://lesfrontieres[.]media/legislatives-quelles-mesures-sur-limmigration-une-assemblee-de-droite-pourrait-adopter",Final content URL
url,"hxxps://lesifflet[.]net/jeunesse-actu/l-allemagne-accueille-des-musiciens-et-des-footballeurs-ukrainiens",Final content URL
url,"hxxps://lesifflet[.]net/sports-et-esports/comment-les-etats-unis-transforment-les-jeunes-europeens-en-terroristes",Final content URL
url,"hxxps://lexomnium[.]com/attal-promet-de-legiferer-contre-les-hausses-d-impots/",Final content URL
url,"hxxps://lexomnium[.]com/l-ukraine-face-a-un-avenir-incertain/",Final content URL
url,"hxxps://lexomnium[.]com/le-pen-previent-macron-que-bardella-n-autorisera-pas-l-envoi-de-troupes-en-ukraine/",Final content URL
url,"hxxps://lexomnium[.]com/nouveaux-affrontements-en-nouvelle-caledonie-les-espoirs-de-macron-decus/",Final content URL
url,"hxxps://lexomnium[.]com/panique-de-macron-le-pen-avertit-d-un-coup-d-etat-administratif/",Final content URL
url,"hxxps://lexomnium[.]com/sommet-en-suisse-les-propositions-de-paix-russes-rejetees-zelensky-poursuivra-la-guerre/",Final content URL
url,"hxxps://liesofwallstreet[.]com/statistics/truly-international",Final content URL
url,"hxxps://mehr-diplomatie-wagen[.]de/",Final content URL (LEGITIMATE)
url,"hxxps://meisterurian[.]io/der-neue-generalsekretar-der-nato/",Final content URL
url,"hxxps://meisterurian[.]io/deutschlands-schlechtester-kanzler/",Final content URL
url,"hxxps://meisterurian[.]io/wer-will-den-krieg-wirklich-beenden/",Final content URL
url,"hxxps://miastagebuch[.]com/fusball-oder-front-ukrainische-nationalspieler-vor-der-wahl-ihres-lebens",Final content URL
url,"hxxps://miastagebuch[.]com/ukraine-im-abseits-friedenskonferenz-offenbart-internationale-distanzierung",Final content URL
url,"hxxps://mypride[.]press/disney-is-controlling-the-minds-of-americans",Final content URL
url,"hxxps://mypride[.]press/fbi-is-covering-trans-shooters",Final content URL
url,"hxxps://mypride[.]press/ukrainian-lgbtqia-propaganda-for-the-usa",Final content URL
url,"hxxps://news.walla[.]re/item/2113714.html",Final content URL
url,"hxxps://news.walla[.]re/item/4236441.html",Final content URL
url,"hxxps://news.walla[.]re/item/9844192.html",Final content URL
url,"hxxps://notrepays[.]today/sommet-de-burgenstock-quelle-paix-sans-la-russie",Final content URL
url,"hxxps://omnam[.]life/b-wlm/qry-h-l-mryq-ym",Final content URL
url,"hxxps://omnam[.]life/bysr-l/rh-b-pwhdt-mhzb-llh",Final content URL
url,"hxxps://original.antiwar[.]com/paul/2024/06/17/we-spent-a-billion-dollars-fighting-the-houthis-and-lost/",Final content URL (LEGITIMATE)
url,"hxxps://overton-magazin[.]de/hintergrund/politik/unser-gemeinsames-interesse-muss-es-sein-den-gegenwaertigen-krieg-baldmoeglichst-zu-beenden/",Final content URL (LEGITIMATE)
url,"hxxps://overton-magazin[.]de/hintergrund/wirtschaft/tor-tor-tod/",Final content URL (LEGITIMATE)
url,"hxxps://overton-magazin[.]de/top-story/das-geschacher-um-das-gemeinsame-communique-der-schweizer-friedenskonferenz/",Final content URL (LEGITIMATE)
url,"hxxps://polskikompas[.]com/2024/06/01/zelenski-uwaza-negocjacje-z-rosja-za-nierealne/",Final content URL
url,"hxxps://rrn[.]media/de/eu-gipfel-mit-selenskyj-und-ohne-die-ukraine/",Final content URL
url,"hxxps://rrn[.]media/de/euro-2024-zuge-obdachlose-und-terroristen/",Final content URL
url,"hxxps://rrn[.]media/de/korruptes-nordatlantisches-bundnis/",Final content URL
url,"hxxps://rrn[.]media/de/video-friedlicher-gipfel-nicht-fur-den-frieden/",Final content URL
url,"hxxps://rrn[.]media/de/video-russland-und-asien-vereinen-sich/",Final content URL
url,"hxxps://rrn[.]media/de/zurucktreten-oder-nicht-zurucktreten/",Final content URL
url,"hxxps://rrn[.]media/fr/bardella-nenverra-pas-de-troupes-francaises-en-ukraine/",Final content URL
url,"hxxps://rrn[.]media/fr/grand-casse-de-lukraine/",Final content URL
url,"hxxps://rrn[.]media/fr/le-deuxieme-tour-en-france-la-deuxieme-chance-de-lue/",Final content URL
url,"hxxps://rrn[.]media/fr/les-electeurs-francais-soudoyes/",Final content URL
url,"hxxps://rrn[.]media/fr/macron-exploite-les-gauchistes-au-second-tour/",Final content URL
url,"hxxps://rrn[.]media/fr/video-le-sommet-le-plus-absurde/",Final content URL
url,"hxxps://rrn[.]media/fr/video-lue-contre-la-democratie/",Final content URL
url,"hxxps://rrn[.]media/fr/video-pas-de-gagnants-dans-les-legislatives-en-france/",Final content URL
url,"hxxps://rrn[.]media/fr/week-end-touristique-de-zelensky/",Final content URL
url,"hxxps://rrn[.]media/nato-shifts-focus-away-from-ukraine/",Final content URL
url,"hxxps://rrn[.]media/netanyahu-s-political-chess/",Final content URL
url,"hxxps://rrn[.]media/the-democratic-facade-of-zelensky-s-ukraine/",Final content URL
url,"hxxps://rrn[.]media/time-to-dissolve-nato/",Final content URL
url,"hxxps://rrn[.]media/video-u-s-orders-spark-two-terror-attacks-in-one-day/",Final content URL
url,"hxxps://shadowwatch[.]us/ukrainians-lose-faith-in-zelensky-s-leadership/",Final content URL
url,"hxxps://spicyconspiracy[.]info/conspiracy/aliens-and-nuclear-war",Final content URL
url,"hxxps://spicyconspiracy[.]info/conspiracy/cuban-missile-crisis-2-0",Final content URL
url,"hxxps://spicyconspiracy[.]info/conspiracy/ukraine-is-in-debt",Final content URL
url,"hxxps://spicyconspiracy[.]info/forecasts-and-predictions/biden-is-buying-electors",Final content URL
url,"hxxps://stratpol[.]com/aider-lukraine-au-detriment-des-interets-de-son-peuple-est-un-suicide-politique/",Final content URL (LEGITIMATE)
url,"hxxps://stratpol[.]com/le-president-zelensky-a-etabli-une-dictature-lukraine-ne-repond-pas-aux-criteres-dadhesion-a-lue-ni-politiquement-ni-economiquement/",Final content URL (LEGITIMATE)
url,"hxxps://stratpol[.]com/le-regime-macronien-en-crise-ne-peut-plus-masquer-lineluctable-defaite-ukrainienne/",Final content URL (LEGITIMATE)
url,"hxxps://theconversation[.]com/legislatives-anticipees-quel-avenir-pour-la-fonction-publique-231643",Final content URL (LEGITIMATE)
url,"hxxps://townhall[.]com/columnists/dennisprager/2024/06/11/why-americans-mistrust-election-results-more-than-the-citizens-of-any-other-democracy-n2640280",Final content URL (LEGITIMATE)
url,"hxxps://tribunalukraine[.]info/article/1237",Final content URL
url,"hxxps://tribunalukraine[.]info/article/1245?lang=fr",Final content URL
url,"hxxps://tribunalukraine[.]info/article/1246?lang=fr",Final content URL
url,"hxxps://tribunalukraine[.]info/article/1247?lang=fr",Final content URL
url,"hxxps://tribunalukraine[.]info/article/1248?lang=fr",Final content URL
url,"hxxps://tribunalukraine[.]info/article/1251",Final content URL
url,"hxxps://tribunalukraine[.]info/article/1262?lang=fr",Final content URL
url,"hxxps://tribunalukraine[.]info/article/1263?lang=fr",Final content URL
url,"hxxps://truthgate[.]us/under-fire/",Final content URL
url,"hxxps://ukrlm[.]info/corruption/kyiv-officials-smuggle-relatives-abroad-using-orphans",Final content URL
url,"hxxps://ukrlm[.]info/revelations/zelensky-frustrated-by-west-s-concerns-about-corruption",Final content URL
url,"hxxps://uschina[.]press/taiwan-dispute/taiwan-war-will-determine-the-fate-of-the-world",Final content URL
url,"hxxps://uschina[.]press/taiwan-dispute/taiwanese-separatists-will-face-the-death-penalty",Final content URL
url,"hxxps://wanderfalke[.]net/das-schlimmste-kommt-spater",Final content URL
url,"hxxps://wanderfalke[.]net/deutschland-gibt-mehr-aus",Final content URL
url,"hxxps://warfareinsider[.]us/zelensky-declines-orban-s-ceasefire-plan/",Final content URL
url,"hxxps://www.achgut[.]com/artikel/ideologie_subvention_und_betrug",Final content URL (LEGITIMATE)
url,"hxxps://www.agoravox[.]fr/tribune-libre/article/le-sommet-du-desastre-et-pourtant-255330",Final content URL (LEGITIMATE)
url,"hxxps://www.agoravox[.]fr/tribune-libre/article/les-peuples-d-europe-proches-du-255191",Final content URL (LEGITIMATE)
url,"hxxps://www.bvoltaire[.]fr/sante-politique-la-cocaine-conquiert-la-region-parisienne-en-toute-impunite/",Final content URL (LEGITIMATE)
url,"hxxps://www.bvoltaire[.]fr/tribune-le-chaos-et-la-violence-cest-la-gauche-toujours-la-gauche/",Final content URL (LEGITIMATE)
url,"hxxps://www.causeur[.]fr/le-front-populaire-sans-le-peuple-285289",Final content URL (LEGITIMATE)
url,"hxxps://www.fakt[.]pl/pieniadze/ceny-pradu-w-gore-od-1-lipca-wiemy-jak-zmienia-sie-nasze-rachunki/295je61",Final content URL (LEGITIMATE)
url,"hxxps://www.forward[.]pw/news/543608/Netanyahu-Blackmails-Biden-Israel%27s-Last-Chance.html",Final content URL
url,"hxxps://www.forward[.]pw/news/543608/Ouroboros-in-Israeli-Government-Coalition-Falls-Apart-and-Can-Drown-the-Country.html",Final content URL
url,"hxxps://www.forward[.]pw/news/543608/Thanks-to-US-Democrats-AntiSemitism-in-Europe-Reared-Its-Head.html",Final content URL
url,"hxxps://www.forward[.]pw/news/543608/US-Democrats-and-Israeli-Left-Liberals-Want-to-Permanently-Set-the-US-and-Israel-at-Variance.html",Final content URL
url,"hxxps://www.forward[.]pw/news/543608/US-Surrendered-Israel-to-Hezbollah.html",Final content URL
url,"hxxps://www.fox-news[.]in/world/Decades-for-America-to-Recover-After-Biden.html",Final content URL
url,"hxxps://www.fox-news[.]in/world/Redneck-Foreign-Policy-JD-Vance-Is-a-Democrat-Nightmare.html",Final content URL
url,"hxxps://www.fox-news[.]in/world/Trump-Faces-a-Guilty-Verdict-Biden-Isn%27t-Likely-to-Be-Helped-by-This.html",Final content URL
url,"hxxps://www.fox-news[.]in/world/US-Elites-Bette-on-the-Best-Candidate-since-Theodore-Roosevelt.html",Final content URL
url,"hxxps://www.fox-news[.]in/world/US-Is-Stuck-in-Europe-It's-Time-to-Get-Out.html",Final content URL
url,"hxxps://www.hamodia[.]in/2024/06/18/Biden-Set-Planes-on-Wrong-Course.html",Final content URL
url,"hxxps://www.hamodia[.]in/2024/06/18/Cui-Prodest-Trump's-Death-Would-Benefit-Democrats-and-Ukraine.html",Final content URL
url,"hxxps://www.hamodia[.]in/2024/06/18/If-Not-Blinken-Then-Baerbock--US-Tries-to-Pressure-Israel-Through-Its-Satellites.html",Final content URL
url,"hxxps://www.hamodia[.]in/2024/06/18/Israelis-Became-Ukraines-Hostages.html",Final content URL
url,"hxxps://www.hamodia[.]in/2024/06/18/Ukraine-Believed-Biden-But-We-Shouldn%27t-Do-That.html",Final content URL
url,"hxxps://www.hamodia[.]in/2024/06/18/Wait-is-Short-Vice-Presidential-Candidate-James-David-Vance-Offers-Hope-for-Israel.html",Final content URL
url,"hxxps://www.ifop[.]com/publication/le-climat-legislatif-a-deux-semaines-du-vote-du-30-juin/",Final content URL (LEGITIMATE)
url,"hxxps://www.leparisien[.]wf/politique/D%C3%A9truire-l'Ukraine-la-Russie-et-l'Europe--la-guerre-totale-am%C3%A9ricaine-03-07-2024-OBOKEOSPR5EIMELFXPWCZGYEXI.php",Final content URL
url,"hxxps://www.leparisien[.]wf/politique/Jeux-olympiques-%C3%A0-Paris--une-f%C3%AAte-g%C3%A2ch%C3%A9e-03-07-2024-OBOKEOSPR5EIMELFXPWCZGYEXI.php",Final content URL
url,"hxxps://www.leparisien[.]wf/politique/La-Macronie-a-peur-d'un-gauchissement-03-07-2024-OBOKEOSPR5EIMELFXPWCZGYEXI.php",Final content URL
url,"hxxps://www.leparisien[.]wf/politique/Les--canards-boiteux--se-r%C3%A9voltent-contre-le-plan-am%C3%A9ricain-13-06-2024-OBOKEOSPR5EIMELFXPWCZGYEXI.php",Final content URL
url,"hxxps://www.leparisien[.]wf/politique/Les-Ukrainiens-veulent-la-paix-Macron-veut-la-guerre-16-07-2024-OBOKEOSPR5EIMELFXPWCZGYEXI.php",Final content URL
url,"hxxps://www.leparisien[.]wf/politique/Macron-a-lanc%C3%A9-une-grenade-sur-ses-supporters-19-06-2024-OBOKEOSPR5EIMELFXPWCZGYEXI.php",Final content URL
url,"hxxps://www.leparisien[.]wf/politique/Panique-dans-le-camp-mondialiste--le-RN-veut-rendre-%C3%A0-la-France-son-ind%C3%A9pendance-24-06-2024-OBOKEOSPR5EIMELFXPWCZGYEXI.php",Final content URL
url,"hxxps://www.leparisien[.]wf/politique/Jupiter-et-une-bande-d'escrocs-23-07-2024-OBOKEOSPR5EIMELFXPWCZGYEXI.php",Final content URL
url,"hxxps://www.lepoint[.]wf/politique/A-la-veille-des-Jeux-olympiques-la-Macronie-est-frapp%C3%A9e-par-la-schizophr%C3%A9nie-03-07-2024-2528358_20.php",Final content URL
url,"hxxps://www.lepoint[.]wf/politique/Il-est-temps-pour-la-France-de-se-pr%C3%A9parer-%C3%A0-quitter-l'OTAN-19-06-2024-2528358_20.php",Final content URL
url,"hxxps://www.lepoint[.]wf/politique/La--ligne-de-d%C3%A9fense--de-Zelensky-a-disparu-en-Ukraine-17-05-2024-2528358_20.php",Final content URL
url,"hxxps://www.lepoint[.]wf/politique/La-droite-pr%C3%AAte-%C3%A0-mener-un-combat-d%C3%A9cisif-pour-l%27Europe-27-05-2024-2528358_20.php",Final content URL
url,"hxxps://www.lepoint[.]wf/politique/La-France-se-r%C3%A9veille-et-choisit-la-droite-et-la-paix-27-05-2024-2528358_20.php",Final content URL
url,"hxxps://www.lepoint[.]wf/politique/La-victoire-%C3%A0-la-Pyrrhus-de-la-Macronie-03-07-2024-2528358_20.php",Final content URL
url,"hxxps://www.lepoint[.]wf/politique/Le-bluff-et-l%27effondrement-de-la-Macronie-13-06-2024-2528358_20.php",Final content URL
url,"hxxps://www.lepoint[.]wf/politique/Les-Insaisissables-03-07-2024-2528358_20.php",Final content URL
url,"hxxps://www.lesechos[.]fr/elections/legislatives/legislatives-2024-jordan-bardella-promet-une-abrogation-de-la-reforme-des-retraites-a-partir-de-lautomne-2102105",Final content URL (LEGITIMATE)
url,"hxxps://www.liberationnews[.]org/dozens-quitting-u-s-military-over-gaza-in-protest/",Final content URL (LEGITIMATE)
url,"hxxps://www.merkur[.]de/politik/umsetzungshuerden-habeck-robert-deutschland-wasserstoff-plaene-2030-experten-warnung-93098721.html",Final content URL (LEGITIMATE)
url,"hxxps://www.nachdenkseiten[.]de/?p=116956",Final content URL (LEGITIMATE)
url,"hxxps://www.obozrevatel[.]ltd/ukr/politics-news/amerike-ne-do-ukrainy.php",Final content URL
url,"hxxps://www.obozrevatel[.]ltd/ukr/politics-news/drugie.php",Final content URL
url,"hxxps://www.obozrevatel[.]ltd/ukr/politics-news/o-vojne-luchshe-vsego-rasskazyvajut-kladbischa.php",Final content URL
url,"hxxps://www.obozrevatel[.]ltd/ukr/politics-news/shatkoe-polozhenie.php",Final content URL
url,"hxxps://www.obozrevatel[.]ltd/ukr/politics-news/zakon-dlja-vseh.php",Final content URL
url,"hxxps://www.obozrevatel[.]ltd/ukr/politics-news/zdravyj-smysl-pod-zapretom.php",Final content URL
url,"hxxps://www.observateurcontinental[.]fr/?module=articles&action=view&id=6030",Final content URL (LEGITIMATE)
url,"hxxps://www.observateurcontinental[.]fr/?module=articles&action=view&id=6037",Final content URL (LEGITIMATE)
url,"hxxps://www.polityka[.]link/tygodnikpolityka/kraj/2225160,1,Sprawca-zamachu-na-Trumpa-siedzi-w-Kijowie.read.html",Final content URL
url,"hxxps://www.polityka[.]link/tygodnikpolityka/kraj/2225160,1,Straszliwa-zemsta-Tuska-w-Polsce-rozpoczęły-się-prawdziwe-represje.read.html",Final content URL
url,"hxxps://www.polskieradio[.]cfd/5/1222/Artykul/7328273,Przestańmy-marnować-nasze-pieniądze-Ukraińcy-nie-chcą-już-walczyć.html",Final content URL
url,"hxxps://www.polskieradio[.]cfd/5/1222/Artykul/7328273,Ukraińska-nikotyna-nadal-zabija-Europę.html",Final content URL
url,"hxxps://www.polskieradio[.]cfd/5/1222/Artykul/7328273,Wszystko-jest-%C5%BAle-dzia%C5%82ania-rz%C4%85du-Tuska-prowadz%C4%85-kraj-do-bankructwa.html",Final content URL
url,"hxxps://www.polskieradio[.]cfd/5/1222/Artykul/7328273,Czas-wziąć-przykład-z-Niemców.html",Final content URL
url,"hxxps://www.polskieradio[.]icu/5/1222/Artykul/7328273,Ukrai%C5%84cy-to-nie-tylko-problem-ale-i-korzy%C5%9Bci-Polska-nie-powinna-wydala%C4%87-pracownik%C3%B3w.html",Final content URL
url,"hxxps://www.rbk[.]media/rus/news/i-snova-o-pravah-1704319701.php",Final content URL
url,"hxxps://www.spiegel[.]ltd/ausland/Das-Scheitern-in-der-Schweiz-wird-eine-T%C3%BCr-zum-Frieden-%C3%B6ffnen--a-f6e19b84-f463-4072-9dc9-4f01d107bbe4.html",Final content URL
url,"hxxps://www.spiegel[.]ltd/ausland/Die-Ampel-will-sich-nicht-um-die-Alten-k%C3%BCmmern-a-81f83d7b-9a62-4916-8af9-e4af795b3ad5.html",Final content URL
url,"hxxps://www.spiegel[.]ltd/ausland/Die-CDU-hat-beschlossen-die-ukrainische-Fl%C3%BCchtlingskarte-zu-spielen-a-fd5ae6c0-bd2a-440b-9fcc-cd8b733a7a69.html",Final content URL
url,"hxxps://www.spiegel[.]ltd/ausland/Die-Schulen-vergessen-Deutsch-a-e637e017-ec74-43f3-87fd-50edb6b9d52f.html",Final content URL
url,"hxxps://www.telepolis[.]de/features/Trump-Bei-Wiederwahl-Ende-der-Ukraine-Hilfe-9767021.html",Final content URL (LEGITIMATE)
url,"hxxps://www.telepolis[.]de/features/Ukraine-Wir-werden-diesen-Krieg-endgueltig-verlieren-9772466.html",Final content URL (LEGITIMATE)
url,"hxxps://www.telepolis[.]de/features/Wie-steht-es-um-die-Kriegstuechtigkeit-der-Ukraine-9770058.html?seite=all",Final content URL (LEGITIMATE)
url,"hxxps://www.theblaze[.]com/columns/opinion/is-joe-biden-fulfilling-the-promise-of-trumps-second-term",Final content URL (LEGITIMATE)
url,"hxxps://www.theeuropean[.]de/politik/politische-krisen-und-die-frage-warum-diplomatie-meist-zu-spaet-kommt",Final content URL (LEGITIMATE)
url,"hxxps://www.tichyseinblick[.]de/meinungen/wie-die-bundesregierung-die-verteidigungsausgaben-schoenrechnet/",Final content URL (LEGITIMATE)
url,"hxxps://www.tribunalukraine[.]info/article/1226",Final content URL
url,"hxxps://www.tribunalukraine[.]info/article/1227?lang=fr",Final content URL
url,"hxxps://www.tribunalukraine[.]info/article/1228?lang=fr",Final content URL
url,"hxxps://www.tribunalukraine[.]info/article/1229",Final content URL
url,"hxxps://www.tribunalukraine[.]info/article/1230",Final content URL
url,"hxxps://www.tribunalukraine[.]info/article/1232?lang=fr",Final content URL
url,"hxxps://www.tribunalukraine[.]info/article/1234",Final content URL
url,"hxxps://www.tribunalukraine[.]info/article/1235?lang=fr",Final content URL
url,"hxxps://www.unian[.]pm/politics/natsionalnaja-traditsija-korruptsija-sverhu-donizu.php",Final content URL
url,"hxxps://www.unian[.]pm/politics/ostalis-prava.php",Final content URL
url,"hxxps://www.unian[.]pm/politics/poka-ne-opredelilis.php",Final content URL
url,"hxxps://www.unian[.]pm/politics/polmesjatsa-do-katastrofy.php",Final content URL
url,"hxxps://www.unian[.]pm/politics/tsena-ozhidanij.php",Final content URL
url,"hxxps://www.unian[.]pm/politics/ukrainu-gotovjat-k-novoj-tragedii.php",Final content URL
url,"hxxps://www.unsere-zeit[.]de/spiel-mit-dem-nuklearkrieg-4792986/",Final content URL (LEGITIMATE)
url,"hxxps://www.unsere-zeit[.]de/weg-zum-frieden-4792997/",Final content URL (LEGITIMATE)
url,"hxxps://www.washingtonpost[.]pm/world/2024/06/06/swiss-f-ck-up/",Final content URL
url,"hxxps://www.washingtonpost[.]pm/world/2024/07/03/citizenship-doesn-t-matter-if-you-support-biden/",Final content URL
url,"hxxps://www.washingtonpost[.]pm/world/2024/07/03/sleepy-joe-doesn-t-go-democrats-can-t-win-honestly/",Final content URL
url,"hxxps://www.welt[.]pm/politik/deutschland/article240128277/Die-Ampel-verlangt-Opferbereitschaft.html",Final content URL
url,"hxxps://www.welt[.]pm/politik/deutschland/article240128277/Fu%C3%9Fballfans-werden-ein-weiteres-Tor-gegen-die-Ampel-erzielen.html",Final content URL
url,"hxxps://x[.]com/i/status/1815752292055822627",Fabricated Paris Olympics music video (on legitimate X/Twitter)
username,0xharveylad,X/Twitter account
username,AaronJames63529,X/Twitter account
username,AaronSmith98307,X/Twitter account
username,AArtavious80519,X/Twitter account
username,abominable486,X/Twitter account
username,AdelaidaYu94857,X/Twitter account
username,AdelynRean84620,X/Twitter account
username,AdrianSton21731,X/Twitter account
username,AdrienneHa82186,X/Twitter account
username,AdrionTou72012,X/Twitter account
username,adulteress1980,X/Twitter account
username,AGerren45837,X/Twitter account
username,agular_agul,X/Twitter account
username,ahangmen70,X/Twitter account
username,AhmedLaqui81929,X/Twitter account
username,AishahSofeySe,X/Twitter account
username,AkeemCrist19487,X/Twitter account
username,AkeiaDinit7721,X/Twitter account
username,AlandoKale63531,X/Twitter account
username,AlanMyers410571,X/Twitter account
username,AlbertineM58094,X/Twitter account
username,AleenaSony33802,X/Twitter account
username,AlejandroT29613,X/Twitter account
username,AlejandroT69868,X/Twitter account
username,Aleta760,X/Twitter account
username,AlexanderC86105,X/Twitter account
username,AllisonAtk87511,X/Twitter account
username,AllisonSmi24214,X/Twitter account
username,allnick,X/Twitter account
username,AllysaGeor10757,X/Twitter account
username,AmandaLe866301,X/Twitter account
username,AmandaMorg1105,X/Twitter account
username,AmberroseN44334,X/Twitter account
username,amputee1999,X/Twitter account
username,AmyCampbel14512,X/Twitter account
username,AmyleeJame46361,X/Twitter account
username,AmyPerkins89407,X/Twitter account
username,AmyWilson833826,X/Twitter account
username,AnastacioJ80599,X/Twitter account
username,AndrewCast20146,X/Twitter account
username,AndrewD68079835,X/Twitter account
username,AndrewKirb89649,X/Twitter account
username,AndrewOlso26872,X/Twitter account
username,AndrewRoch43050,X/Twitter account
username,AndrewRoll29279,X/Twitter account
username,AndrewT96311492,X/Twitter account
username,AndrewVarg71211,X/Twitter account
username,AnesaJael62201,X/Twitter account
username,AngelaMrs63742,X/Twitter account
username,angela_wil3281,X/Twitter account
username,AnikaFelic89191,X/Twitter account
username,AnivalVeda47636,X/Twitter account
username,AnnaliisaR94430,X/Twitter account
username,AnsonTejua50696,X/Twitter account
username,anthesis_end,X/Twitter account
username,AnthonyAnd1822,X/Twitter account
username,AnthonyAnd79317,X/Twitter account
username,AnthonyBen93775,X/Twitter account
username,AnthonyM68181,X/Twitter account
username,AnthonyRom30072,X/Twitter account
username,AnthonyWei84870,X/Twitter account
username,Antoinette56690,X/Twitter account
username,AnyaHnyda65722,X/Twitter account
username,AranMieko83072,X/Twitter account
username,ArianaGra349,X/Twitter account
username,Armbrister56062,X/Twitter account
username,ArroyoMarg99763,X/Twitter account
username,articulate_691,X/Twitter account
username,AshleaWiss17955,X/Twitter account
username,AshleyBoon92744,X/Twitter account
username,AshleyFowl22508,X/Twitter account
username,AshleyWatt9356,X/Twitter account
username,AssuntaKan26666,X/Twitter account
username,AsusenaLat46773,X/Twitter account
username,attalosIIphil,X/Twitter account
username,AubreRanis68237,X/Twitter account
username,AudeliaJes27752,X/Twitter account
username,Auhneshnikole43,X/Twitter account
username,AurelGallucc,X/Twitter account
username,AutumnNels92401,X/Twitter account
username,azalea17520,X/Twitter account
username,BairdMatth10879,X/Twitter account
username,BallardMic52393,X/Twitter account
username,BandonDeid56215,X/Twitter account
username,barnes_nat70915,X/Twitter account
username,BartlettMd12992,X/Twitter account
username,BBeasley96693,X/Twitter account
username,beachhead1987,X/Twitter account
username,bean_andre19923,X/Twitter account
username,beatty1991,X/Twitter account
username,BeckyAusti47600,X/Twitter account
username,BeckyTaylo53337,X/Twitter account
username,BekhiSeren,X/Twitter account
username,BenjaminWa20266,X/Twitter account
username,BethanyDvm62915,X/Twitter account
username,BethSexton98585,X/Twitter account
username,BHill19122,X/Twitter account
username,bikol_200,X/Twitter account
username,BillyZ77908,X/Twitter account
username,BitkoinAleksan1,X/Twitter account
username,BobbyMaddo6319,X/Twitter account
username,book733submitta,X/Twitter account
username,BOrtega22699,X/Twitter account
username,BoscoLilia59808,X/Twitter account
username,boyle_samu18869,X/Twitter account
username,BradleyGre77484,X/Twitter account
username,BradleyGuz44361,X/Twitter account
username,BradlyBrio22556,X/Twitter account
username,BradMack546206,X/Twitter account
username,BrandiWill70364,X/Twitter account
username,BrandonMcc90355,X/Twitter account
username,BrandonWel6144,X/Twitter account
username,BrandyP97889,X/Twitter account
username,Braniff459subju,X/Twitter account
username,BreckieH63,X/Twitter account
username,BreckieHill111,X/Twitter account
username,BrendaBuck54860,X/Twitter account
username,BrendaKell73705,X/Twitter account
username,BrenenDovi30274,X/Twitter account
username,BrianBryan7374,X/Twitter account
username,BrianGould97893,X/Twitter account
username,BrianMoon25896,X/Twitter account
username,BrianYoung68899,X/Twitter account
username,BriggsBret48724,X/Twitter account
username,brittani95296,X/Twitter account
username,BrittanySm60334,X/Twitter account
username,bryant_jes71710,X/Twitter account
username,BThompson91953,X/Twitter account
username,BussLupe70263,X/Twitter account
username,BWaylon81740,X/Twitter account
username,CailynPorf50907,X/Twitter account
username,CainJessic10931,X/Twitter account
username,calculated_1993,X/Twitter account
username,CalemTimmo56963,X/Twitter account
username,CalhounDr2376,X/Twitter account
username,calicle1999,X/Twitter account
username,CallieChuc23210,X/Twitter account
username,CalyJaycee18615,X/Twitter account
username,CamachoErn94310,X/Twitter account
username,CannonAndr35594,X/Twitter account
username,CannonNich68729,X/Twitter account
username,cape34inheritor,X/Twitter account
username,CardiBOnlyfan,X/Twitter account
username,CarlosPadi49920,X/Twitter account
username,CarolynFri73810,X/Twitter account
username,CarrellLyl31383,X/Twitter account
username,CassandraC51655,X/Twitter account
username,CathyMarti38680,X/Twitter account
username,cCierra678,X/Twitter account
username,CeliaWynon65447,X/Twitter account
username,ceukaryote28,X/Twitter account
username,ChadLyons23017,X/Twitter account
username,ChannelleK29581,X/Twitter account
username,ChanteeJav13642,X/Twitter account
username,CharleenDe8219,X/Twitter account
username,Chatherine64548,X/Twitter account
username,CheriseLat25116,X/Twitter account
username,CherylWils33812,X/Twitter account
username,chief7Chelia,X/Twitter account
username,chopfallen_boy7,X/Twitter account
username,ChristenaK98632,X/Twitter account
username,ChristianP32968,X/Twitter account
username,ChristinaT59003,X/Twitter account
username,ChristineA76598,X/Twitter account
username,ChrisWells18099,X/Twitter account
username,church8884,X/Twitter account
username,churchman_love,X/Twitter account
username,CieraNicka75693,X/Twitter account
username,CindyJenki6110,X/Twitter account
username,cisneros_j71464,X/Twitter account
username,ClarkBarba84873,X/Twitter account
username,CodySwanso34355,X/Twitter account
username,colonic_YT_,X/Twitter account
username,ColtenKelc77186,X/Twitter account
username,ConnerLisa88597,X/Twitter account
username,connoisseur129,X/Twitter account
username,cooper_pat48335,X/Twitter account
username,CordiaNjie98793,X/Twitter account
username,cornfield_BTC,X/Twitter account
username,CorynneA73247,X/Twitter account
username,cose_rosema,X/Twitter account
username,creighton_1975,X/Twitter account
username,creversible308,X/Twitter account
username,CrystalA9811,X/Twitter account
username,CrystalHar27125,X/Twitter account
username,CSavahna95445,X/Twitter account
username,curry_tiff86148,X/Twitter account
username,cynthia_ra55954,X/Twitter account
username,DakotaDura56698,X/Twitter account
username,DameshaL40774,X/Twitter account
username,DamonSulta30154,X/Twitter account
username,DanahJarel68338,X/Twitter account
username,DanaMartin77885,X/Twitter account
username,DanaReid279769,X/Twitter account
username,DanielE92553229,X/Twitter account
username,DanielFren43236,X/Twitter account
username,DanielWill65551,X/Twitter account
username,DarinAlin358290,X/Twitter account
username,DarinL73784,X/Twitter account
username,DariusSing15125,X/Twitter account
username,DarleneGuz2006,X/Twitter account
username,DarrenFuen44399,X/Twitter account
username,DavidCl82987335,X/Twitter account
username,DavidClark64644,X/Twitter account
username,DavidDo58780247,X/Twitter account
username,DavidIb77126627,X/Twitter account
username,DavidLevin943,X/Twitter account
username,DavidMc37860799,X/Twitter account
username,DavidRay930605,X/Twitter account
username,DavidSi25635031,X/Twitter account
username,DavonEndy94558,X/Twitter account
username,dBonn651,X/Twitter account
username,DdsColon70368,X/Twitter account
username,DebbieCox156901,X/Twitter account
username,DeborahRee84073,X/Twitter account
username,DebraHashe21356,X/Twitter account
username,decker_jav924,X/Twitter account
username,DeleonShar83009,X/Twitter account
username,demivolt1940,X/Twitter account
username,DeniseAtki43363,X/Twitter account
username,dennis_mar29792,X/Twitter account
username,DennisZach64095,X/Twitter account
username,DerrickBro54878,X/Twitter account
username,DesmoneJuv19870,X/Twitter account
username,destefano_1994,X/Twitter account
username,DevinSimps85838,X/Twitter account
username,devisable_MC,X/Twitter account
username,DiamondHer59732,X/Twitter account
username,DianeRicha54865,X/Twitter account
username,discuss21nepoti,X/Twitter account
username,disoperation_sA,X/Twitter account
username,DixMeredit,X/Twitter account
username,DonieshaLa63273,X/Twitter account
username,DonnaOrtiz76077,X/Twitter account
username,DonyaMonte94646,X/Twitter account
username,dorothea44216,X/Twitter account
username,DouglasJoh35345,X/Twitter account
username,DouraDied,X/Twitter account
username,DrakeZacha28819,X/Twitter account
username,DrCharlesM68203,X/Twitter account
username,DrRachelPi9815,X/Twitter account
username,DTyrisha70369,X/Twitter account
username,duncan_ang69209,X/Twitter account
username,DustiHattl,X/Twitter account
username,dvm_heathe94228,X/Twitter account
username,DvmKathlee342,X/Twitter account
username,DyanneGarr48936,X/Twitter account
username,DylanMille77762,X/Twitter account
username,EarleenNoe80743,X/Twitter account
username,EbonyVideo11,X/Twitter account
username,ecliffhang0,X/Twitter account
username,edgardoedge_ETH,X/Twitter account
username,EdwardHunt38954,X/Twitter account
username,EEastmond18906,X/Twitter account
username,EitanSylve26476,X/Twitter account
username,ElaineHutc47605,X/Twitter account
username,EleciaD74439,X/Twitter account
username,ElectaLayn463,X/Twitter account
username,ElexisJabr35217,X/Twitter account
username,Elizabe65233540,X/Twitter account
username,Elizabe68650189,X/Twitter account
username,ElizabethA58612,X/Twitter account
username,ElvinaErri60184,X/Twitter account
username,EmiliaClarke36,X/Twitter account
username,EmilieStru70424,X/Twitter account
username,EmilyCrawf61240,X/Twitter account
username,envisage_love,X/Twitter account
username,envysairdrops,X/Twitter account
username,ErekJerell37620,X/Twitter account
username,ErikRogers14246,X/Twitter account
username,ErikSmith139921,X/Twitter account
username,ErinOrozco53853,X/Twitter account
username,escorn749,X/Twitter account
username,EstherKlob3514,X/Twitter account
username,EstterMuniz34,X/Twitter account
username,ETemika39808,X/Twitter account
username,et_schoo,X/Twitter account
username,EugeneHend76426,X/Twitter account
username,execratory_69,X/Twitter account
username,FaliciaTon89989,X/Twitter account
username,FarrenTary88644,X/Twitter account
username,feet1971,X/Twitter account
username,FloyYantz21591,X/Twitter account
username,ford59Jinny,X/Twitter account
username,FoxElizabe8301,X/Twitter account
username,FranchotMa93551,X/Twitter account
username,frenetic_2000,X/Twitter account
username,FreyPamela90224,X/Twitter account
username,funniest9999,X/Twitter account
username,furry79Hippocra,X/Twitter account
username,GabirelKel24246,X/Twitter account
username,GabrielleL28209,X/Twitter account
username,GambleDyla11694,X/Twitter account
username,GarrenLyni61267,X/Twitter account
username,GaryWillia45710,X/Twitter account
username,gauntlett_liker,X/Twitter account
username,GDevaris67612,X/Twitter account
username,gHanoi329,X/Twitter account
username,giantess_Ms,X/Twitter account
username,gina_ryan42326,X/Twitter account
username,GlendaDiaz5386,X/Twitter account
username,GloriaBrow59480,X/Twitter account
username,gourmet_0072,X/Twitter account
username,gravedigger_ETH,X/Twitter account
username,GreggMd12074,X/Twitter account
username,GrygielShi14200,X/Twitter account
username,gunwale_323,X/Twitter account
username,HaleyB382,X/Twitter account
username,haley_zimm13022,X/Twitter account
username,HallDds3993,X/Twitter account
username,HamidYumik24083,X/Twitter account
username,HannahBark49911,X/Twitter account
username,HannahHowa21425,X/Twitter account
username,hansen_bru36354,X/Twitter account
username,HarryEvans74555,X/Twitter account
username,harvey_jas1645,X/Twitter account
username,HeatherBai30539,X/Twitter account
username,HeatherPat8959,X/Twitter account
username,henry_bruc63443,X/Twitter account
username,HiepShraga59066,X/Twitter account
username,HMcintosh13411,X/Twitter account
username,HodgesKevi79792,X/Twitter account
username,holly_mcin34307,X/Twitter account
username,HollyMille37923,X/Twitter account
username,HollyWilli75508,X/Twitter account
username,HomemadeL735,X/Twitter account
username,horodko_123,X/Twitter account
username,horrible589,X/Twitter account
username,howell_hea52026,X/Twitter account
username,HoytJanica75392,X/Twitter account
username,hudson_ale50374,X/Twitter account
username,HueBettina81105,X/Twitter account
username,IanHarr07314635,X/Twitter account
username,IanHill1384887,X/Twitter account
username,IggyAzaleaV2024,X/Twitter account
username,IgnasioIss64309,X/Twitter account
username,implore1985,X/Twitter account
username,infelicitous8Ki,X/Twitter account
username,ingram_mat8278,X/Twitter account
username,IPessy22221,X/Twitter account
username,JackieYoun5959,X/Twitter account
username,JacobColem69943,X/Twitter account
username,JacobP53131,X/Twitter account
username,JacobRios260287,X/Twitter account
username,jacobs_jan37664,X/Twitter account
username,JadeMiller87460,X/Twitter account
username,JakeClark137774,X/Twitter account
username,JamekaLich49048,X/Twitter account
username,JamesBenja2615,X/Twitter account
username,JamesGeorg19164,X/Twitter account
username,JamesHayne40018,X/Twitter account
username,JamesLittl17061,X/Twitter account
username,JamieGraha78891,X/Twitter account
username,JamieTucke14261,X/Twitter account
username,JaneaneKen11409,X/Twitter account
username,JaneBlair32443,X/Twitter account
username,JannelleAl40199,X/Twitter account
username,JannelleLy12689,X/Twitter account
username,JareeHasan47887,X/Twitter account
username,JarisNafee3865,X/Twitter account
username,JasmineFra35397,X/Twitter account
username,JasmineSai20009,X/Twitter account
username,JasonAlvar52028,X/Twitter account
username,JasonFord541921,X/Twitter account
username,JasonMathe26616,X/Twitter account
username,JasonPalme66606,X/Twitter account
username,JataraE30626,X/Twitter account
username,JayceeToni22310,X/Twitter account
username,JaymeeRodd9891,X/Twitter account
username,JazmyneKeo15068,X/Twitter account
username,JeanellJ33566,X/Twitter account
username,JeanetteGr81110,X/Twitter account
username,JeffreyPet10795,X/Twitter account
username,JeffreyRya62186,X/Twitter account
username,JElonzo41580,X/Twitter account
username,JeneaJulee87185,X/Twitter account
username,JenniferBr86495,X/Twitter account
username,JenniferFr14330,X/Twitter account
username,JenniferGa21371,X/Twitter account
username,JenniferHe69883,X/Twitter account
username,JenniferHu89540,X/Twitter account
username,JenniferMa43562,X/Twitter account
username,JenniferMi92430,X/Twitter account
username,JenniferMu56967,X/Twitter account
username,jennifer_p98723,X/Twitter account
username,JeraBoy13302,X/Twitter account
username,JeremyCase7417,X/Twitter account
username,JeremyMont69875,X/Twitter account
username,JerilynTab27852,X/Twitter account
username,JeseniaLat63272,X/Twitter account
username,JessicaFri13311,X/Twitter account
username,JessicaHal13033,X/Twitter account
username,JesusArroy87326,X/Twitter account
username,JGardner38000,X/Twitter account
username,JGrimes50648,X/Twitter account
username,JhoannaKel72165,X/Twitter account
username,JillEvans298191,X/Twitter account
username,JillKenned70832,X/Twitter account
username,JillynMaki81738,X/Twitter account
username,jimenez_st77745,X/Twitter account
username,JKhaleelah57015,X/Twitter account
username,JMyesha93939,X/Twitter account
username,joel_stanl78119,X/Twitter account
username,JohnAguila71917,X/Twitter account
username,JohnAustin9200,X/Twitter account
username,Johnell089Mesha,X/Twitter account
username,JohnSandov62241,X/Twitter account
username,Johnwillia67214,X/Twitter account
username,JolynnLato43219,X/Twitter account
username,JonathanCa87793,X/Twitter account
username,JonathanSa77732,X/Twitter account
username,jones_jose29247,X/Twitter account
username,JonesTina44863,X/Twitter account
username,JosephClar21335,X/Twitter account
username,JosephPach65125,X/Twitter account
username,JoshuaAlle54201,X/Twitter account
username,JoshuaF03234929,X/Twitter account
username,JoshuaHenr26332,X/Twitter account
username,JoshuaK29297,X/Twitter account
username,JoshuaK33818,X/Twitter account
username,JoshuaRyan31275,X/Twitter account
username,JoshuaWhit94641,X/Twitter account
username,JRashidah35844,X/Twitter account
username,Juanisha82judic,X/Twitter account
username,JuDusat,X/Twitter account
username,JudySultan85594,X/Twitter account
username,Julia_johnyyS,X/Twitter account
username,julie_powe75191,X/Twitter account
username,JustinPatt22465,X/Twitter account
username,JustyneSte82338,X/Twitter account
username,JWhite35849,X/Twitter account
username,KaitlynKrems625,X/Twitter account
username,KananiLano12953,X/Twitter account
username,KarenRiley77877,X/Twitter account
username,KarenSwans1335,X/Twitter account
username,KarenThoma51883,X/Twitter account
username,KateriD34053,X/Twitter account
username,KatherineP79348,X/Twitter account
username,KatherineW23809,X/Twitter account
username,KathleenSm49791,X/Twitter account
username,kaufman5082,X/Twitter account
username,kayde32613,X/Twitter account
username,kayde47060,X/Twitter account
username,KeenanSave50530,X/Twitter account
username,KellyBrook31135,X/Twitter account
username,KellyGarre18418,X/Twitter account
username,KellyLove119303,X/Twitter account
username,KellyMerca81106,X/Twitter account
username,KellyMitch73247,X/Twitter account
username,KellyWood349975,X/Twitter account
username,KelseyJohn96059,X/Twitter account
username,KendraMcmi66898,X/Twitter account
username,KennethDav26808,X/Twitter account
username,kenneth_ra40124,X/Twitter account
username,KennethWal7325,X/Twitter account
username,KenyettaMa35474,X/Twitter account
username,KevinRiley43187,X/Twitter account
username,KevinSmith89025,X/Twitter account
username,KHinton71864,X/Twitter account
username,KHumphrey31621,X/Twitter account
username,KimaTarron26681,X/Twitter account
username,KimberlyA68149,X/Twitter account
username,KimberlyMo50615,X/Twitter account
username,KimHenders5169,X/Twitter account
username,KimyaSoctt97474,X/Twitter account
username,KjellTaqui53048,X/Twitter account
username,KlaraMesen25364,X/Twitter account
username,KnightAlan4409,X/Twitter account
username,konstantin87233,X/Twitter account
username,KoreyRayfo62115,X/Twitter account
username,kotick_YTs_,X/Twitter account
username,kremer_Missis,X/Twitter account
username,KristaRobi35732,X/Twitter account
username,kristyl89466,X/Twitter account
username,KrystnJ9527,X/Twitter account
username,KTimothey81113,X/Twitter account
username,KyleGuzman99454,X/Twitter account
username,kyoko_megg91549,X/Twitter account
username,lacai_e,X/Twitter account
username,LacyLennonSex,X/Twitter account
username,laliberte_lndn1,X/Twitter account
username,LambertCla42301,X/Twitter account
username,LambertoOp6388,X/Twitter account
username,LaquithaNa3436,X/Twitter account
username,LarrySmith81320,X/Twitter account
username,latitude342,X/Twitter account
username,LauraLinds18885,X/Twitter account
username,LauraRi01194232,X/Twitter account
username,LauraSu04447407,X/Twitter account
username,LaureneSal86083,X/Twitter account
username,LaurenRich18669,X/Twitter account
username,LavelleLen17338,X/Twitter account
username,LCoventon7407,X/Twitter account
username,LeblancMan21827,X/Twitter account
username,Leib08Camille,X/Twitter account
username,LekeyaSann13304,X/Twitter account
username,LennisNash89621,X/Twitter account
username,LexySahar46322,X/Twitter account
username,Liberty911lice,X/Twitter account
username,LichelleJa5001,X/Twitter account
username,LilliaE98714,X/Twitter account
username,LindaDa25640159,X/Twitter account
username,LindseySmi38603,X/Twitter account
username,LisaCastro89568,X/Twitter account
username,LisaKim1821855,X/Twitter account
username,LisaMiller44058,X/Twitter account
username,LisaMorris30278,X/Twitter account
username,LolaRidell63973,X/Twitter account
username,LopezWilli47150,X/Twitter account
username,LorendaSha13685,X/Twitter account
username,LorrainePa87513,X/Twitter account
username,lotion_likeretw,X/Twitter account
username,LShantale46957,X/Twitter account
username,LunaroseWa13728,X/Twitter account
username,Lynzie408,X/Twitter account
username,lyophobic_lndn,X/Twitter account
username,MaddoxRebe55780,X/Twitter account
username,MaeMarsaw18016,X/Twitter account
username,MaeScharwa81101,X/Twitter account
username,magen69383,X/Twitter account
username,magic_malk51998,X/Twitter account
username,magnetron1Macgr,X/Twitter account
username,mailbag1991,X/Twitter account
username,ManuellaJoseph4,X/Twitter account
username,MarcusMars90787,X/Twitter account
username,MarettaQ14802,X/Twitter account
username,MariaRodri59262,X/Twitter account
username,MarieannD45842,X/Twitter account
username,MarliAlexa1334,X/Twitter account
username,MarquettaA3249,X/Twitter account
username,MaryDaniel92309,X/Twitter account
username,MaryLewis249231,X/Twitter account
username,MaryMit63572507,X/Twitter account
username,mastrocovi32794,X/Twitter account
username,MatthewGre88340,X/Twitter account
username,MatthewHer58919,X/Twitter account
username,MatthewKni27769,X/Twitter account
username,MatthewSto5853,X/Twitter account
username,MaxCole58677,X/Twitter account
username,MaxwellCry68359,X/Twitter account
username,MayolaMonz67142,X/Twitter account
username,MccormickM67122,X/Twitter account
username,mcentire_1992,X/Twitter account
username,mcfarland99958,X/Twitter account
username,mcguire_gr12198,X/Twitter account
username,MeganHunt314085,X/Twitter account
username,MeganSchwa80211,X/Twitter account
username,Melissa92980720,X/Twitter account
username,MelissaRee29626,X/Twitter account
username,MeyerVonni62726,X/Twitter account
username,MichaelGre85462,X/Twitter account
username,MichaelKin81586,X/Twitter account
username,MichaelPri51727,X/Twitter account
username,MichaelShi16460,X/Twitter account
username,MichaelWar93654,X/Twitter account
username,MicheleR78117,X/Twitter account
username,MichelleGo92874,X/Twitter account
username,Miguelange75441,X/Twitter account
username,MikennaTav35853,X/Twitter account
username,MillyTasha76454,X/Twitter account
username,MirandaBre65593,X/Twitter account
username,MirnaTobia74424,X/Twitter account
username,miscible869infe,X/Twitter account
username,MissS93037,X/Twitter account
username,MistyYates99557,X/Twitter account
username,MitchellJa24559,X/Twitter account
username,MKohn62918,X/Twitter account
username,MLawson8410,X/Twitter account
username,MNallie85980,X/Twitter account
username,money_johnyyS,X/Twitter account
username,monique_ri38619,X/Twitter account
username,MontaviusL2902,X/Twitter account
username,moore_javi58917,X/Twitter account
username,MorganHutc54052,X/Twitter account
username,MrDavidGon68023,X/Twitter account
username,MShonetta31918,X/Twitter account
username,MWashingto83908,X/Twitter account
username,MWillilam90778,X/Twitter account
username,NancyannTa23675,X/Twitter account
username,NataliePortma56,X/Twitter account
username,NatalineRa49167,X/Twitter account
username,NathanHend18636,X/Twitter account
username,NathanPatt6732,X/Twitter account
username,NeslanMadon,X/Twitter account
username,NevinRenea2349,X/Twitter account
username,newton_nic94268,X/Twitter account
username,Nichola9487044,X/Twitter account
username,NicholsonA95169,X/Twitter account
username,NicolaJaco43377,X/Twitter account
username,NikolCapri3502,X/Twitter account
username,NissaAkeya54889,X/Twitter account
username,nlacewing7,X/Twitter account
username,nolan_bria8187,X/Twitter account
username,NolaShalay51794,X/Twitter account
username,nolen26989,X/Twitter account
username,OAlyx39237,X/Twitter account
username,oneal_andr99285,X/Twitter account
username,OrtizTrace76497,X/Twitter account
username,OwensMr36616,X/Twitter account
username,OYocheved44921,X/Twitter account
username,OzielSatia64560,X/Twitter account
username,pantie1985,X/Twitter account
username,paragon_19750,X/Twitter account
username,PatrickDun462,X/Twitter account
username,PaulaOwens43042,X/Twitter account
username,PaulAyala424679,X/Twitter account
username,PaulGilles99813,X/Twitter account
username,PaulOneill50974,X/Twitter account
username,PaulTho0716281,X/Twitter account
username,PeckRenee66005,X/Twitter account
username,peltz1943,X/Twitter account
username,PeterD36670,X/Twitter account
username,PetersonEr89123,X/Twitter account
username,PhilbertSu45226,X/Twitter account
username,phobos_youtube9,X/Twitter account
username,PhucShanta71008,X/Twitter account
username,PierceMich19606,X/Twitter account
username,pJamel37,X/Twitter account
username,pJolleen4,X/Twitter account
username,plum_likeretwee,X/Twitter account
username,PMilissa53217,X/Twitter account
username,Polyhedra099914,X/Twitter account
username,promiscuous277,X/Twitter account
username,purr1985,X/Twitter account
username,QLachandra61083,X/Twitter account
username,quinte_boy,X/Twitter account
username,RachelAdam67549,X/Twitter account
username,RachelOcon2995,X/Twitter account
username,RachelWeav4005,X/Twitter account
username,randolph_m27451,X/Twitter account
username,raven_vaug34552,X/Twitter account
username,RebeccaAda20607,X/Twitter account
username,rebecca_mi27877,X/Twitter account
username,RebeccaO34619,X/Twitter account
username,RebeccaSan16467,X/Twitter account
username,RebeccaWil21610,X/Twitter account
username,reformed_76,X/Twitter account
username,ReginaldWe13732,X/Twitter account
username,reisch_boy,X/Twitter account
username,RenaMoneymake,X/Twitter account
username,RiaYantzi77529,X/Twitter account
username,RichardBla76330,X/Twitter account
username,RichardTho36053,X/Twitter account
username,RichardTor74837,X/Twitter account
username,riggs_greg40427,X/Twitter account
username,rivkarivkah_Mss,X/Twitter account
username,RLorinda51844,X/Twitter account
username,RMaryclair93963,X/Twitter account
username,RMccall81605,X/Twitter account
username,RNochum2266,X/Twitter account
username,RodneyHoll46453,X/Twitter account
username,RomeroVane47941,X/Twitter account
username,RonaldSmit54984,X/Twitter account
username,RondalSusa55034,X/Twitter account
username,RonnieCole58080,X/Twitter account
username,RonnikaSap26717,X/Twitter account
username,ross_cryst13099,X/Twitter account
username,RoxieWittn15726,X/Twitter account
username,rupp_33,X/Twitter account
username,ruthann92687,X/Twitter account
username,RyanForbes24037,X/Twitter account
username,RyanPage469190,X/Twitter account
username,SabrinaChr37767,X/Twitter account
username,SabrinaJoh79876,X/Twitter account
username,SadieJuice532,X/Twitter account
username,SakiaVania6203,X/Twitter account
username,SamanthaBl97552,X/Twitter account
username,SamanthaTh66709,X/Twitter account
username,SamuelBurn70061,X/Twitter account
username,SamuellD55225,X/Twitter account
username,sanchez_tr95073,X/Twitter account
username,SandraGamb38747,X/Twitter account
username,sandra_jon76201,X/Twitter account
username,SandraRobi96694,X/Twitter account
username,SandraW17317,X/Twitter account
username,SAntione89137,X/Twitter account
username,SarahAnder18454,X/Twitter account
username,SarahGibso33555,X/Twitter account
username,SarahHouse85482,X/Twitter account
username,SarahTanne4593,X/Twitter account
username,SaraM48854,X/Twitter account
username,SariyahMcg16015,X/Twitter account
username,savage_mic86268,X/Twitter account
username,SayakaSult94128,X/Twitter account
username,SCarey91266,X/Twitter account
username,ScottHenso26132,X/Twitter account
username,ScottSmith27547,X/Twitter account
username,SeanYoung238734,X/Twitter account
username,SekinaStep79983,X/Twitter account
username,shallot545Mt,X/Twitter account
username,ShannonAll72218,X/Twitter account
username,ShannonJoh87746,X/Twitter account
username,ShannonLee30580,X/Twitter account
username,ShantielL75886,X/Twitter account
username,SharisseKa56286,X/Twitter account
username,ShaunPlass,X/Twitter account
username,ShavinaRec88908,X/Twitter account
username,ShawniseJ44342,X/Twitter account
username,Shealene805Conw,X/Twitter account
username,SherekaJ30290,X/Twitter account
username,SherriLee486457,X/Twitter account
username,shroudlaid_enda,X/Twitter account
username,skricki_boy,X/Twitter account
username,SLakendra40247,X/Twitter account
username,SLonzell68686,X/Twitter account
username,SmithJanet13836,X/Twitter account
username,smith_kris97653,X/Twitter account
username,smith_will45596,X/Twitter account
username,SoniaStewa87530,X/Twitter account
username,spherics1940,X/Twitter account
username,spiderwort49,X/Twitter account
username,spoilt_gods,X/Twitter account
username,SSharolyn68038,X/Twitter account
username,StaceyMath37549,X/Twitter account
username,StacyJo93914753,X/Twitter account
username,StefaneeTe93861,X/Twitter account
username,SteinDariu64643,X/Twitter account
username,Stephan75047130,X/Twitter account
username,StephanieB64499,X/Twitter account
username,StephanieG39116,X/Twitter account
username,StephenDav26643,X/Twitter account
username,StephenKle57162,X/Twitter account
username,StephenR56531,X/Twitter account
username,steven_mor63330,X/Twitter account
username,steven_par14886,X/Twitter account
username,StevenWilc31359,X/Twitter account
username,subtle198,X/Twitter account
username,surety3strategy,X/Twitter account
username,SusieTuran54770,X/Twitter account
username,SuzanneKel72571,X/Twitter account
username,switchman813,X/Twitter account
username,talesman_1987,X/Twitter account
username,TamaraGonz19395,X/Twitter account
username,tamara_hin53004,X/Twitter account
username,TammyDavis91571,X/Twitter account
username,TanuGup08767224,X/Twitter account
username,TaylorCame25203,X/Twitter account
username,TaylorRand16664,X/Twitter account
username,TenaAnamar29362,X/Twitter account
username,TeresaVela92096,X/Twitter account
username,TerezaYavo58490,X/Twitter account
username,Thoa798,X/Twitter account
username,thomas_les82576,X/Twitter account
username,ThomasMoor16021,X/Twitter account
username,TimothyBuc90326,X/Twitter account
username,TimothyHen27493,X/Twitter account
username,TimothyWhi28503,X/Twitter account
username,TKandyce7379,X/Twitter account
username,TMckayla99785,X/Twitter account
username,ToasAlis,X/Twitter account
username,topping1992,X/Twitter account
username,TorreMilag72930,X/Twitter account
username,TPayne72526,X/Twitter account
username,TracyJones14896,X/Twitter account
username,tran_david32161,X/Twitter account
username,TrevorAlva54728,X/Twitter account
username,TrippieBri60,X/Twitter account
username,TroyWright37608,X/Twitter account
username,tShaneta6,X/Twitter account
username,turner_emm46784,X/Twitter account
username,TylerRiver4061,X/Twitter account
username,valerie_br66135,X/Twitter account
username,ValeriePen32037,X/Twitter account
username,ValerieZam82562,X/Twitter account
username,vanadium206,X/Twitter account
username,VartanJade60010,X/Twitter account
username,vChelse55,X/Twitter account
username,VeraK64338,X/Twitter account
username,VeronicaGo77329,X/Twitter account
username,VGibson20277,X/Twitter account
username,VickiLloyd34309,X/Twitter account
username,VictoriaWh46368,X/Twitter account
username,vic_vonbarg,X/Twitter account
username,view8pacific,X/Twitter account
username,walker_dan12028,X/Twitter account
username,WalkerTodd20454,X/Twitter account
username,wallace_va1897,X/Twitter account
username,w_arrell,X/Twitter account
username,WarrenGate20561,X/Twitter account
username,WavaG69999,X/Twitter account
username,weeks_kevi51151,X/Twitter account
username,WendyZhang65479,X/Twitter account
username,westley36121,X/Twitter account
username,white_beli29419,X/Twitter account
username,WhiteMadis26175,X/Twitter account
username,WhitneyR64941,X/Twitter account
username,WilkersonA90927,X/Twitter account
username,WilliamArn56684,X/Twitter account
username,WilliamBoy65270,X/Twitter account
username,WilliamChr79595,X/Twitter account
username,WilliamHug84601,X/Twitter account
username,WilsonAndr94342,X/Twitter account
username,WilsonMari17041,X/Twitter account
username,Won157Jaycob,X/Twitter account
username,woodwind49,X/Twitter account
username,WootonJaim33284,X/Twitter account
username,wriggle_YT_,X/Twitter account
username,WTollefs,X/Twitter account
username,Yulia69gazette,X/Twitter account
username,YvonneEver42450,X/Twitter account
username,ZhangJerem38552,X/Twitter account
